M,K,median_us,min_us,setup_us,compute_us,readback_us,compute_pct,gops,ops,verify
64,64,433,431,252,56,124,12.9,0.018919,8192,PASS
64,128,480,478,252,102,125,21.3,0.034146,16384,PASS
128,128,578,575,252,202,125,34.9,0.056714,32768,PASS
128,256,763,762,252,387,124,50.7,0.085909,65536,PASS
256,256,1149,1147,253,770,125,67.0,0.114120,131072,PASS
256,512,1821,1820,254,1442,125,79.2,0.143957,262144,PASS
512,512,3261,3257,256,2878,128,88.2,0.160759,524288,PASS
512,1024,5953,5950,261,5563,129,93.4,0.176133,1048576,PASS
