M,K,median_us,min_us,gops,ops,verify
64,64,193,193,0.042413,8192,PASS
64,128,361,361,0.045324,16384,PASS
128,128,720,720,0.045498,32768,PASS
128,256,1391,1391,0.047098,65536,PASS
256,256,2779,2779,0.047158,131072,PASS
256,512,5468,5466,0.047942,262144,PASS
512,512,10928,10927,0.047975,524288,PASS
512,1024,21842,21841,0.048007,1048576,PASS
