M,K,median_us,min_us,setup_us,compute_us,readback_us,compute_pct,gops,ops,verify
64,64,431,428,251,56,124,13.0,0.019028,8192,PASS
64,128,476,475,250,102,124,21.4,0.034439,16384,PASS
128,128,575,574,250,202,123,35.0,0.056963,32768,PASS
128,256,764,760,251,387,124,50.6,0.085833,65536,PASS
256,256,1148,1145,252,770,124,67.0,0.114173,131072,PASS
256,512,1820,1818,253,1442,124,79.2,0.144015,262144,PASS
512,512,3259,3256,255,2878,127,88.3,0.160862,524288,PASS
512,1024,5952,5948,260,5563,128,93.5,0.176174,1048576,PASS
